Pramata_Number,Product_Name,Unit_Price,Activation_Date,Product_Quantity,Total_Price,Product_Expiration_Date
10001,Colocation,10,2015-05-29,45,450,2015-06-20
10001,Network,20,2017-05-24,94,1880,2017-06-15
10001,cisco router ,21,2016-02-22,90,1890,2016-03-15
10002,Colocation,22,2013-01-25,15,330,2013-02-16
10002,Network,23,2015-12-17,90,2070,2016-01-08
10002,cisco router ,24,2016-11-11,20,480,2016-12-03
10003,Colocation,25,2017-04-24,80,2000,2017-05-16
10003,Network,26,2013-12-23,92,2392,2014-01-14
10003,cisco router ,27,2017-05-26,40,1080,2017-06-17
10004,Colocation,28,2014-09-15,27,756,2014-10-07
10004,Network,29,2013-08-30,52,1508,2013-09-21
10004,cisco router ,30,2014-06-09,54,1620,2014-07-01
10005,Colocation,31,2014-11-09,39,1209,2014-12-01
10005,Network,32,2017-09-10,80,2560,2017-10-02
10005,cisco router ,33,2015-09-15,4,132,2015-10-07
10006,Colocation,34,2015-06-21,15,510,2015-07-13
10006,Network,35,2014-10-24,29,1015,2014-11-15
10006,cisco router ,36,2015-02-23,8,288,2015-03-17
10007,Colocation,37,2015-03-03,69,2553,2015-03-25
10007,Network,38,2017-11-13,48,1824,2017-12-05
10007,cisco router ,39,2015-02-17,29,1131,2015-03-11
10008,Colocation,40,2014-05-20,89,3560,2014-06-11
10008,Network,41,2014-09-13,75,3075,2014-10-05
10008,cisco router ,42,2016-04-24,52,2184,2016-05-16
10009,Colocation,43,2017-12-10,91,3913,2018-01-01
10009,Network,44,2016-09-13,71,3124,2016-10-05
10009,cisco router ,45,2016-05-02,79,3555,2016-05-24
10010,Colocation,46,2013-01-09,40,1840,2013-01-31
10010,Network,47,2016-10-22,7,329,2016-11-13
10010,cisco router ,48,2013-12-14,18,864,2014-01-05
10011,Colocation,49,2015-02-20,38,1862,2015-03-14
10011,Network,50,2018-02-05,81,4050,2018-02-27
10011,cisco router ,51,2015-10-30,42,2142,2015-11-21
10012,Colocation,52,2013-03-31,64,3328,2013-04-22
10012,Network,53,2015-06-14,79,4187,2015-07-06
10012,cisco router ,54,2016-03-29,50,2700,2016-04-20
10013,Colocation,55,2017-04-30,79,4345,2017-05-22
10013,Network,56,2015-07-29,29,1624,2015-08-20
10013,cisco router ,57,2014-07-26,34,1938,2014-08-17
10014,Colocation,58,2015-01-01,36,2088,2015-01-23
10014,Network,59,2015-09-22,17,1003,2015-10-14
10014,cisco router ,60,2016-03-28,93,5580,2016-04-19
10015,Colocation,61,2014-08-18,27,1647,2014-09-09
10015,Network,62,2015-12-05,31,1922,2015-12-27
10015,cisco router ,63,2017-08-28,43,2709,2017-09-19
10016,Colocation,64,2016-03-07,75,4800,2016-03-29
10016,Network,65,2015-01-25,91,5915,2015-02-16
10016,cisco router ,66,2017-06-29,71,4686,2017-07-21
10017,Colocation,67,2013-09-05,32,2144,2013-09-27
10017,Network,68,2018-02-23,1,68,2018-03-17
10017,cisco router ,69,2018-01-20,1,69,2018-02-11
10018,Colocation,70,2016-12-06,35,2450,2016-12-28
10018,Network,71,2016-01-18,84,5964,2016-02-09
10018,cisco router ,72,2014-03-25,52,3744,2014-04-16
10019,Colocation,73,2017-10-25,83,6059,2017-11-16
10019,Network,74,2016-01-12,21,1554,2016-02-03
10019,cisco router ,75,2017-06-18,95,7125,2017-07-10
10020,Colocation,76,2015-11-30,40,3040,2015-12-22
10020,Network,77,2014-09-18,65,5005,2014-10-10
10020,cisco router ,78,2015-12-29,83,6474,2016-01-20
10021,Colocation,79,2013-05-08,36,2844,2013-05-30
10021,Network,80,2016-12-03,76,6080,2016-12-25
10021,cisco router ,81,2013-02-08,5,405,2013-03-02
10022,Colocation,82,2016-11-28,95,7790,2016-12-20
10022,Network,83,2017-04-21,11,913,2017-05-13
10022,cisco router ,84,2017-10-29,76,6384,2017-11-20
10023,Colocation,85,2016-12-02,17,1445,2016-12-24
10023,Network,86,2015-03-05,62,5332,2015-03-27
10023,cisco router ,87,2013-09-27,36,3132,2013-10-19
10024,Colocation,88,2016-04-10,18,1584,2016-05-02
10024,Network,89,2017-02-18,47,4183,2017-03-12
10024,cisco router ,90,2015-03-18,83,7470,2015-04-09
10025,Colocation,91,2018-01-29,3,273,2018-02-20
10025,Network,92,2015-04-14,23,2116,2015-05-06
10025,cisco router ,93,2015-08-07,26,2418,2015-08-29
10026,Colocation,94,2016-06-02,89,8366,2016-06-24
10026,Network,95,2016-05-23,56,5320,2016-06-14
10026,cisco router ,96,2014-03-18,36,3456,2014-04-09
10027,Colocation,97,2017-02-28,89,8633,2017-03-22
10027,Network,98,2013-10-28,82,8036,2013-11-19
10027,cisco router ,99,2015-06-23,36,3564,2015-07-15
10028,Colocation,100,2015-10-01,16,1600,2015-10-23
10028,Network,101,2013-12-28,71,7171,2014-01-19
10028,cisco router ,102,2013-11-06,91,9282,2013-11-28
10029,Colocation,103,2015-07-09,38,3914,2015-07-31
10029,Network,104,2018-02-12,96,9984,2018-03-06
10029,cisco router ,105,2013-03-16,53,5565,2013-04-07
10030,Colocation,106,2018-01-09,74,7844,2018-01-31
10030,Network,107,2016-11-09,14,1498,2016-12-01
10030,cisco router ,108,2017-09-27,48,5184,2017-10-19
10031,Colocation,109,2013-09-06,45,4905,2013-09-28
10031,Network,110,2017-03-16,20,2200,2017-04-07
10031,cisco router ,111,2017-03-16,14,1554,2017-04-07
10032,Colocation,112,2017-05-24,40,4480,2017-06-15
10032,Network,113,2015-03-29,77,8701,2015-04-20
10032,cisco router ,114,2013-11-03,91,10374,2013-11-25
10033,Colocation,115,2017-10-09,4,460,2017-10-31
10033,Network,116,2016-06-01,40,4640,2016-06-23
10033,cisco router ,117,2013-11-12,89,10413,2013-12-04
10033,Colocation,118,2017-03-26,99,11682,2017-04-17
10034,Network,119,2015-08-14,68,8092,2015-09-05
10034,cisco router ,120,2014-09-27,84,10080,2014-10-19
10034,Colocation,121,2016-04-07,87,10527,2016-04-29
10035,Network,122,2017-04-01,79,9638,2017-04-23
10035,cisco router ,123,2016-09-21,91,11193,2016-10-13
10035,Colocation,124,2016-01-26,29,3596,2016-02-17
10036,Network,125,2013-12-19,66,8250,2014-01-10
10036,cisco router ,126,2016-10-26,37,4662,2016-11-17
10036,Colocation,127,2016-12-31,52,6604,2017-01-22
10037,Network,128,2016-10-28,20,2560,2016-11-19
10037,cisco router ,129,2014-07-16,97,12513,2014-08-07
10037,Colocation,130,2013-12-11,20,2600,2014-01-02
10038,Network,131,2017-12-07,74,9694,2017-12-29
10038,cisco router ,132,2016-10-14,77,10164,2016-11-05
10038,Colocation,133,2016-01-13,90,11970,2016-02-04
10039,Network,134,2015-05-19,7,938,2015-06-10
10039,cisco router ,135,2015-05-09,6,810,2015-05-31
10039,Colocation,136,2014-04-03,63,8568,2014-04-25
10040,Network,137,2014-12-02,63,8631,2014-12-24
10040,cisco router ,138,2013-07-02,93,12834,2013-07-24
10040,Colocation,139,2014-04-21,57,7923,2014-05-13
10041,Network,140,2016-02-22,37,5180,2016-03-15
10041,cisco router ,141,2014-04-29,71,10011,2014-05-21
10041,Colocation,142,2016-02-15,43,6106,2016-03-08
10042,Network,143,2015-12-14,8,1144,2016-01-05
10042,cisco router ,144,2018-02-04,84,12096,2018-02-26
10042,Colocation,145,2018-02-08,59,8555,2018-03-02
10043,Network,146,2014-07-10,68,9928,2014-08-01
10043,cisco router ,147,2016-06-22,93,13671,2016-07-14
